"Status","Start Time","Stop Time","Duration in ms","Parent Suite","Suite","Sub Suite","Test Class","Test Method","Name","Description"
"passed","Mon Oct 05 13:26:10 UTC 2026","Mon Oct 05 13:26:10 UTC 2026","0","","Unit Tests","","PasswordValidatorTests","IsValid_VariousPasswords_MatchExpected","IsValid_VariousPasswords_MatchExpected",""
"passed","Mon Oct 05 13:26:10 UTC 2026","Mon Oct 05 13:26:10 UTC 2026","0","","Unit Tests","","PasswordValidatorTests","IsValid_WithoutDigit_ReturnsFalse","IsValid_WithoutDigit_ReturnsFalse","Пароль без цифры — невалидный"
"passed","Mon Oct 05 13:26:32 UTC 2026","Mon Oct 05 13:26:32 UTC 2026","221","","Integration Tests","","LoginApiTests","LoginPage_Html_ContainsNoServerErrors","LoginPage_Html_ContainsNoServerErrors","HTML не должен содержать стектрейсы или сообщения об ошибках сервера"
"passed","Mon Oct 05 13:26:10 UTC 2026","Mon Oct 05 13:26:10 UTC 2026","0","","Unit Tests","","PasswordValidatorTests","GetStrength_ShortSimplePassword_ReturnsWeak","GetStrength_ShortSimplePassword_ReturnsWeak","Короткий простой пароль → Weak"
"passed","Mon Oct 05 13:26:13 UTC 2026","Mon Oct 05 13:26:14 UTC 2026","1466","","Performance Tests","","LoadTests","LoginPage_GraduallyIncreasingLoad_NoErrors","LoginPage_GraduallyIncreasingLoad_NoErrors","Резкий рост нагрузки: 1 → 5 → 15 → 25 пользователей — ищем точку отказа"
"passed","Mon Oct 05 13:26:14 UTC 2026","Mon Oct 05 13:26:15 UTC 2026","320","","Performance Tests","","LoadTests","LoginPage_Under10ConcurrentUsers_AllRespondSuccessfully","LoginPage_Under10ConcurrentUsers_AllRespondSuccessfully","10 одновременных пользователей — все должны получить HTTP 200 менее чем за 5 сек"
"passed","Mon Oct 05 13:26:33 UTC 2026","Mon Oct 05 13:26:33 UTC 2026","229","","Integration Tests","","LoginApiTests","Pages_WhenRequested_ReturnExpectedStatusCode","Pages_WhenRequested_ReturnExpectedStatusCode",""
"passed","Mon Oct 05 13:26:10 UTC 2026","Mon Oct 05 13:26:10 UTC 2026","0","","Unit Tests","","PasswordValidatorTests","IsValid_VariousPasswords_MatchExpected","IsValid_VariousPasswords_MatchExpected",""
"passed","Mon Oct 05 13:26:10 UTC 2026","Mon Oct 05 13:26:10 UTC 2026","0","","Unit Tests","","PasswordValidatorTests","IsValid_VariousPasswords_MatchExpected","IsValid_VariousPasswords_MatchExpected",""
"passed","Mon Oct 05 13:27:29 UTC 2026","Mon Oct 05 13:27:30 UTC 2026","466","","Functional Tests","","LoginFunctionalTests","Login_WithInvalidCredentials_DoesNotGrantAccess","Login_WithInvalidCredentials_DoesNotGrantAccess","Любые неверные данные не должны давать доступ в систему"
"passed","Mon Oct 05 13:26:31 UTC 2026","Mon Oct 05 13:26:32 UTC 2026","381","","Integration Tests","","LoginApiTests","LoginPage_Html_ContainsFormElements","LoginPage_Html_ContainsFormElements","HTML должен содержать поля формы — если их нет, фронтенд сломан"
"passed","Mon Oct 05 13:26:31 UTC 2026","Mon Oct 05 13:26:31 UTC 2026","615","","Integration Tests","","LoginApiTests","LoginPage_ContentType_IsTextHtml","LoginPage_ContentType_IsTextHtml","Ответ сервера должен быть HTML документом"
"passed","Mon Oct 05 13:27:25 UTC 2026","Mon Oct 05 13:27:28 UTC 2026","2423","","Functional Tests","","LoginFunctionalTests","Login_ThenLogout_ReturnsToLoginPage","Login_ThenLogout_ReturnsToLoginPage","После входа пользователь может выйти — кнопка Log out возвращает на страницу логина"
"passed","Mon Oct 05 13:26:10 UTC 2026","Mon Oct 05 13:26:10 UTC 2026","0","","Unit Tests","","PasswordValidatorTests","IsValid_VariousPasswords_MatchExpected","IsValid_VariousPasswords_MatchExpected",""
"passed","Mon Oct 05 13:26:24 UTC 2026","Mon Oct 05 13:26:25 UTC 2026","946","","Smoke Tests","","SmokeTests","LoginPage_ShouldBeReachable_AndShowLoginForm","LoginPage_ShouldBeReachable_AndShowLoginForm","Страница логина открывается и форма видна — базовая проверка доступности"
"passed","Mon Oct 05 13:26:10 UTC 2026","Mon Oct 05 13:26:10 UTC 2026","0","","Unit Tests","","PasswordValidatorTests","IsValid_WithoutUppercase_ReturnsFalse","IsValid_WithoutUppercase_ReturnsFalse","Пароль без заглавной буквы — невалидный"
"passed","Mon Oct 05 13:26:05 UTC 2026","Mon Oct 05 13:26:13 UTC 2026","7920","","Performance Tests","","LoadTests","LoginPage_30SequentialRequests_NoPerformanceDegradation","LoginPage_30SequentialRequests_NoPerformanceDegradation","30 запросов подряд — проверяем стабильность (нет деградации)"
"passed","Mon Oct 05 13:27:28 UTC 2026","Mon Oct 05 13:27:29 UTC 2026","455","","Functional Tests","","LoginFunctionalTests","Login_WithInvalidCredentials_DoesNotGrantAccess","Login_WithInvalidCredentials_DoesNotGrantAccess","Любые неверные данные не должны давать доступ в систему"
"passed","Mon Oct 05 13:27:32 UTC 2026","Mon Oct 05 13:27:34 UTC 2026","1186","","Functional Tests","","LoginTest","Login_WithValidCreds_ShouldSucceed","Login_WithValidCreds_ShouldSucceed",""
"passed","Mon Oct 05 13:26:10 UTC 2026","Mon Oct 05 13:26:10 UTC 2026","1","","Unit Tests","","PasswordValidatorTests","IsValid_VariousPasswords_MatchExpected","IsValid_VariousPasswords_MatchExpected",""
"passed","Mon Oct 05 13:26:25 UTC 2026","Mon Oct 05 13:26:25 UTC 2026","344","","Smoke Tests","","SmokeTests","LoginPage_ShouldReturn_Http200","LoginPage_ShouldReturn_Http200","Страница отдаёт HTTP 200 — сервер жив"
"passed","Mon Oct 05 13:27:28 UTC 2026","Mon Oct 05 13:27:28 UTC 2026","403","","Functional Tests","","LoginFunctionalTests","Login_WithEmptyFields_ShowsValidationError","Login_WithEmptyFields_ShowsValidationError","Отправка пустой формы → ошибка валидации"
"passed","Mon Oct 05 13:26:32 UTC 2026","Mon Oct 05 13:26:32 UTC 2026","201","","Integration Tests","","LoginApiTests","LoginPage_ResponseTime_IsUnder3Seconds","LoginPage_ResponseTime_IsUnder3Seconds","Сервер должен отвечать менее чем за 3 секунды"
"passed","Mon Oct 05 13:26:10 UTC 2026","Mon Oct 05 13:26:10 UTC 2026","1","","Unit Tests","","PasswordValidatorTests","GetStrength_NullPassword_ReturnsWeakWithoutException","GetStrength_NullPassword_ReturnsWeakWithoutException","Null пароль → Weak (не выбрасывает исключение)"
"passed","Mon Oct 05 13:26:33 UTC 2026","Mon Oct 05 13:26:33 UTC 2026","187","","Integration Tests","","LoginApiTests","Pages_WhenRequested_ReturnExpectedStatusCode","Pages_WhenRequested_ReturnExpectedStatusCode",""
"passed","Mon Oct 05 13:26:10 UTC 2026","Mon Oct 05 13:26:10 UTC 2026","0","","Unit Tests","","PasswordValidatorTests","IsValid_WithShortPassword_ReturnsFalse","IsValid_WithShortPassword_ReturnsFalse","Пароль короче 8 символов — невалидный"
"passed","Mon Oct 05 13:26:10 UTC 2026","Mon Oct 05 13:26:10 UTC 2026","0","","Unit Tests","","PasswordValidatorTests","GetStrength_PasswordWithUpperAndDigit_ReturnsMedium","GetStrength_PasswordWithUpperAndDigit_ReturnsMedium","Пароль с цифрой и заглавной, длина 8+ → Medium"
"passed","Mon Oct 05 13:27:30 UTC 2026","Mon Oct 05 13:27:31 UTC 2026","1043","","Functional Tests","","LoginFunctionalTests","Login_WithValidCredentials_RedirectsToSuccessPage","Login_WithValidCredentials_RedirectsToSuccessPage","Верные данные → редирект на страницу успеха, заголовок содержит 'Logged In'"
"passed","Mon Oct 05 13:26:14 UTC 2026","Mon Oct 05 13:26:14 UTC 2026","309","","Performance Tests","","LoadTests","LoginPage_SingleRequest_RespondsFast","LoginPage_SingleRequest_RespondsFast","Один запрос должен выполниться менее чем за 2 секунды"
"passed","Mon Oct 05 13:26:32 UTC 2026","Mon Oct 05 13:26:33 UTC 2026","410","","Integration Tests","","LoginApiTests","LoginPage_WhenRequested_Returns200","LoginPage_WhenRequested_Returns200","GET /practice-test-login/ должен вернуть HTTP 200 OK"
"passed","Mon Oct 05 13:26:25 UTC 2026","Mon Oct 05 13:26:25 UTC 2026","350","","Smoke Tests","","SmokeTests","LoginPage_Title_ShouldContainSiteName","LoginPage_Title_ShouldContainSiteName","Заголовок вкладки браузера содержит название сайта"
"passed","Mon Oct 05 13:26:10 UTC 2026","Mon Oct 05 13:26:10 UTC 2026","19","","Unit Tests","","PasswordValidatorTests","GetStrength_LongComplexPassword_ReturnsStrong","GetStrength_LongComplexPassword_ReturnsStrong","Длинный пароль с заглавной, цифрой и спецсимволом → Strong"
"passed","Mon Oct 05 13:27:32 UTC 2026","Mon Oct 05 13:27:32 UTC 2026","661","","Functional Tests","","LoginFunctionalTests","Login_WithWrongUsername_ShowsUsernameError","Login_WithWrongUsername_ShowsUsernameError","Неверный логин → сообщение 'Your username is invalid!'"
"passed","Mon Oct 05 13:26:10 UTC 2026","Mon Oct 05 13:26:10 UTC 2026","0","","Unit Tests","","PasswordValidatorTests","IsValid_WithEmptyPassword_ReturnsFalse","IsValid_WithEmptyPassword_ReturnsFalse","Пустая строка — невалидный пароль"
"passed","Mon Oct 05 13:27:30 UTC 2026","Mon Oct 05 13:27:30 UTC 2026","445","","Functional Tests","","LoginFunctionalTests","Login_WithInvalidCredentials_DoesNotGrantAccess","Login_WithInvalidCredentials_DoesNotGrantAccess","Любые неверные данные не должны давать доступ в систему"
"passed","Mon Oct 05 13:26:10 UTC 2026","Mon Oct 05 13:26:10 UTC 2026","0","","Unit Tests","","PasswordValidatorTests","IsValid_VariousPasswords_MatchExpected","IsValid_VariousPasswords_MatchExpected",""
"passed","Mon Oct 05 13:26:10 UTC 2026","Mon Oct 05 13:26:10 UTC 2026","0","","Unit Tests","","PasswordValidatorTests","IsValid_WithValidPassword_ReturnsTrue","IsValid_WithValidPassword_ReturnsTrue","Правильный пароль (заглавная + цифра + 8+ символов) должен пройти валидацию"
"passed","Mon Oct 05 13:27:29 UTC 2026","Mon Oct 05 13:27:29 UTC 2026","770","","Functional Tests","","LoginFunctionalTests","Login_WithInvalidCredentials_DoesNotGrantAccess","Login_WithInvalidCredentials_DoesNotGrantAccess","Любые неверные данные не должны давать доступ в систему"
"passed","Mon Oct 05 13:27:31 UTC 2026","Mon Oct 05 13:27:32 UTC 2026","410","","Functional Tests","","LoginFunctionalTests","Login_WithWrongPassword_ShowsPasswordError","Login_WithWrongPassword_ShowsPasswordError","Неверный пароль → сообщение 'Your password is invalid!'"
"passed","Mon Oct 05 13:26:10 UTC 2026","Mon Oct 05 13:26:10 UTC 2026","1","","Unit Tests","","PasswordValidatorTests","IsValid_VariousPasswords_MatchExpected","IsValid_VariousPasswords_MatchExpected",""
